id,v0,v1,v2
A,4.162335551296317,8,N
E,-3.463043847744304,3,Y
A,4.116661961802513,2,N
B,2.1683668815994643,4,N
C,5.940306422779212,5,Y
B,-5.350971634624138,3,Y
B,3.094433010031948,5,N
B,-3.568400083224966,6,N
D,-6.691328447186232,3,Y
A,-5.293135681469833,3,N
